net,length_um
net208,602.43µm
clknet_2_0__leaf_clk,487.04µm
net119,436.72µm
clknet_0_clk,398.32µm
net191,383.3µm
clknet_2_1__leaf_clk,373.27µm
net117,340.445µm
net185,332.585µm
net104,324.13µm
net139,320.22µm
net150,318.345µm
net148,318.34µm
delay_chain_inst.delay_status\[0\],307.64µm
clknet_leaf_18_clk,304.46µm
net30,293.6µm
clk,271.76µm
clknet_leaf_4_clk,259.66µm
net29,247.03µm
net103,238.34µm
net159,238.265µm
clknet_2_2__leaf_clk,234.2µm
net45,233.96µm
net158,229.32µm
_0749_,229.105µm
clknet_leaf_0_clk,224.305µm
net94,224.295µm
net89,221.175µm
net99,218.65µm
clknet_2_3__leaf_clk,216.105µm
net146,209.235µm
net101,207.96µm
net19,205.21µm
net93,203.695µm
net116,203.535µm
clknet_leaf_16_clk,202.525µm
net31,202.09µm
net18,201.8µm
net118,199.48µm
net149,197.5µm
clknet_leaf_2_clk,197.135µm
net20,196.93µm
clknet_leaf_14_clk,195µm
net96,193.63µm
clknet_leaf_17_clk,192.345µm
net88,192.31µm
clknet_leaf_20_clk,191.065µm
clknet_leaf_12_clk,188.25µm
_0775_,188.23µm
clknet_leaf_15_clk,187.22µm
_0782_,186.135µm
clknet_leaf_21_clk,183.825µm
net87,182.635µm
net97,182.495µm
net111,181.165µm
clknet_leaf_19_clk,180.715µm
clknet_leaf_7_clk,180.27µm
net145,178.855µm
net8,176.585µm
net7,176.3µm
net161,175.555µm
_0779_,175.435µm
net86,174.535µm
clknet_leaf_13_clk,174.195µm
clknet_leaf_8_clk,171.88µm
net115,169.655µm
net69,167.88µm
net147,166.96µm
clknet_leaf_9_clk,165.535µm
net204,164.73µm
net132,163.52µm
net129,161.98µm
net143,161.535µm
clknet_leaf_11_clk,160.545µm
_0590_,155.85µm
net124,155.18µm
clknet_leaf_10_clk,155.025µm
net90,152.78µm
net172,152.545µm
net195,151.87µm
net47,150.61µm
net95,149.48µm
net49,146.485µm
net131,146.04µm
net91,145.855µm
net33,144.565µm
net50,144µm
net51,143.755µm
net10,142.75µm
net153,142.375µm
net190,142.08µm
net133,140.395µm
net92,138.55µm
net461,138.2µm
_0712_,138.085µm
_0729_,137.57µm
net164,135.575µm
net203,135.56µm
net110,135.445µm
net189,135.01µm
net107,134.51µm
net11,134.395µm
net35,132.325µm
net186,131.48µm
net173,131.235µm
net178,129.61µm
net141,128.475µm
net109,128.09µm
net138,127.46µm
net207,127.37µm
net170,127.015µm
net175,126.475µm
net106,123.705µm
_0673_,123.505µm
_0831_,123.355µm
net198,121.405µm
_0730_,121.33µm
net142,120.73µm
_0848_,120.52µm
net108,118.83µm
net206,118.195µm
_0711_,117.88µm
net114,117.72µm
net165,117.345µm
net151,116.81µm
net166,115.64µm
net177,115.17µm
net202,115.16µm
clknet_leaf_1_clk,114.71µm
_0770_,114.6µm
net188,113.18µm
net152,112.715µm
net130,112.47µm
net184,112.32µm
net196,111.82µm
net136,111.57µm
net144,111.085µm
net194,111.04µm
ro_counter_inst.count_0\[5\],110.6µm
_0591_,110.53µm
net167,109.935µm
net61,109.4µm
net113,108.955µm
net112,108.845µm
net496,108.38µm
net200,108.205µm
_0001_,107.78µm
net199,107.655µm
net180,107.47µm
net163,106.125µm
net63,105.57µm
net154,105.245µm
ro_count_1\[6\],104.935µm
net182,104.785µm
net134,104.615µm
net213,104.34µm
net46,104µm
net183,102.955µm
net197,102.855µm
net128,102.7µm
net171,102.34µm
net160,101.96µm
net176,101.28µm
net205,100.71µm
net168,99.235µm
ro_counter_inst.count_1\[6\],98.895µm
net123,98.71µm
_0851_,97.65µm
_0547_,95.56µm
_0649_,95.03µm
_0692_,94.615µm
ro_counter_inst.count_1\[5\],93.475µm
net192,92.89µm
net137,92.465µm
net9,91.74µm
clknet_leaf_6_clk,90.96µm
ro_counter_inst.count_1\[7\],90.28µm
_0655_,88.44µm
clknet_leaf_22_clk,88.16µm
net120,86.89µm
net140,86.18µm
net127,85.77µm
net157,84.65µm
_0849_,84.13µm
state\[5\],83.79µm
net60,82.99µm
net122,82.205µm
net6,81.97µm
net162,81.565µm
net174,81.37µm
_0640_,81.065µm
net397,80.785µm
_0899_,80.49µm
_0007_,79.04µm
net187,78.445µm
net44,76.99µm
_0667_,76.425µm
_0597_,76.1µm
ro_counter_inst.count_2\[7\],75.97µm
_0642_,75.895µm
net62,75.405µm
_0661_,75.31µm
net125,74.555µm
net155,74.43µm
ro_count_2\[5\],74.33µm
ro_counter_inst.count_1\[4\],73.655µm
net121,73.405µm
_0688_,73.2µm
_0092_,72.98µm
net28,72.43µm
ro_counter_inst.count_1\[3\],72.245µm
ro_count_1\[5\],71.95µm
net577,71.825µm
_0630_,71.66µm
ro_counter_inst.count_1\[1\],71.65µm
_0863_,71.54µm
clknet_leaf_3_clk,71.02µm
_0914_,70.795µm
net64,70.75µm
net579,70.75µm
ro_count_0\[5\],70.54µm
net546,70.515µm
_0565_,70.21µm
_0659_,70.14µm
_0678_,69.69µm
net385,68.89µm
net105,68.24µm
net179,68.125µm
ro_counter_inst.fault,67.4µm
net53,67.27µm
net85,67.04µm
_0636_,66.725µm
net448,66.545µm
_0594_,66.3µm
net346,65.78µm
delay_chain_inst.done,65.41µm
delay_chain_inst.chain_0\[7\],65.19µm
net571,64.93µm
_0897_,64.35µm
ro_count_1\[1\],64.21µm
net135,62.995µm
ro_counter_inst.count_2\[3\],62.715µm
net484,62.35µm
net311,62.135µm
_0864_,62.1µm
net542,61.81µm
ro_counter_inst.done,61.74µm
net446,60.955µm
net126,60.655µm
net606,60.37µm
_0652_,59.9µm
ro_count_2\[6\],58.93µm
net102,58.135µm
_0875_,58.08µm
net201,57.975µm
ro_count_1\[7\],57.43µm
net337,57.24µm
ro_count_1\[4\],56.9µm
ro_counter_inst.count_2\[2\],56.865µm
ro_count_0\[7\],56.395µm
_0002_,56.29µm
_0748_,56.27µm
net80,55.76µm
_0785_,55.75µm
_0873_,55.38µm
clknet_leaf_5_clk,55.29µm
ro_counter_inst.count_0\[2\],55.065µm
_0707_,54.19µm
net48,54.165µm
ro_count_2\[4\],54.01µm
net181,54.005µm
delay_chain_inst.delay_status\[2\],53.95µm
net78,53.95µm
_0931_,53.88µm
_0838_,53.815µm
_0820_,53.65µm
ro_count_0\[6\],53.63µm
ro_counter_inst.measuring,53.07µm
_0548_,52.965µm
_0709_,52.52µm
net83,52.26µm
_0694_,51.92µm
_0750_,51.885µm
net528,51.85µm
_0675_,51.81µm
net169,51.76µm
net193,51.405µm
_0541_,51.19µm
net82,51.19µm
_0629_,50.65µm
_0674_,50.53µm
ro_counter_inst.count_1\[2\],49.995µm
net156,49.96µm
_0747_,49.87µm
ro_count_2\[2\],49.76µm
net357,49.1µm
_0537_,48.73µm
net554,48.51µm
_0545_,47.88µm
ro_count_1\[2\],47.83µm
net464,47.605µm
delay_chain_inst.measuring,47.23µm
net517,47.17µm
_0682_,46.98µm
state\[4\],46.98µm
ro_counter_inst.count_2\[5\],46.62µm
_0839_,45.885µm
net513,45.07µm
net365,44.795µm
ro_count_0\[2\],44.78µm
net279,44.53µm
net43,44.515µm
net527,44.495µm
net65,43.4µm
net76,43.245µm
delay_chain_inst.chain_1\[15\],43.225µm
ro_counter_inst.count_0\[7\],43.185µm
ro_counter_inst.count_0\[1\],42.97µm
net561,42.555µm
net487,41.98µm
ro_counter_inst.count_1\[0\],41.665µm
_0705_,41.64µm
_0696_,41.59µm
net58,41.205µm
ro_counter_inst.count_0\[6\],40.985µm
_0662_,40.75µm
net68,40.68µm
delay_chain_inst.cycle_count\[0\],40.57µm
ro_counter_inst.count_0\[0\],40.465µm
net284,40.46µm
ro_counter_inst.count_2\[4\],39.645µm
ro_counter_inst.count_0\[3\],39.42µm
_0821_,39.285µm
_0868_,39.12µm
net344,39.01µm
_0552_,38.89µm
ro_counter_inst.count_2\[0\],38.77µm
net57,38.755µm
ro_counter_inst.count_2\[6\],38.375µm
net331,38.01µm
net34,37.995µm
_0819_,37.99µm
ro_count_0\[4\],37.92µm
net581,37.775µm
net54,37.64µm
net570,36.88µm
ro_counter_inst.measurement_window\[1\],36.835µm
net59,36.68µm
net567,35.89µm
net272,35.87µm
_0563_,35.52µm
net81,34.99µm
_0888_,34.41µm
delay_chain_inst.chain_0\[2\],34.33µm
_0842_,34.185µm
net536,34.155µm
ro_counter_inst.count_2\[1\],34.15µm
delay_chain_inst.cycle_count\[1\],34.105µm
ro_counter_inst.measurement_window\[5\],33.85µm
_0766_,33.84µm
net589,33.265µm
_0767_,33.13µm
net378,33.045µm
ro_counter_inst.measurement_window\[6\],32.95µm
net306,32.845µm
_0669_,32.84µm
net432,32.385µm
_0681_,32.11µm
net575,31.38µm
net333,31.22µm
_0837_,31.2µm
ro_counter_inst.measurement_window\[4\],30.52µm
net534,30.33µm
net274,30.02µm
_0889_,29.88µm
_0801_,29.64µm
_0555_,29.56µm
delay_chain_inst.cycle_count\[2\],29.21µm
net315,28.79µm
ro_counter_inst.count_0\[4\],28.77µm
ro_count_0\[0\],28.66µm
net238,28.62µm
_0936_,28.57µm
net266,28.44µm
ro_counter_inst.measurement_window\[7\],28.4µm
_0934_,28.32µm
net341,27.98µm
net5,27.895µm
_0665_,27.86µm
net281,27.86µm
clk_stuck_high,27.56µm
net317,27.26µm
net614,27.19µm
net319,27.04µm
net276,26.965µm
_0759_,26.95µm
net466,26.94µm
net313,26.77µm
_0676_,26.64µm
clk_stuck_low,26.6µm
net524,26.545µm
delay_chain_inst.chain_2\[26\],26.46µm
net299,26.365µm
_0814_,26.28µm
_0840_,26.2µm
_0560_,26.1µm
ro_count_0\[1\],25.93µm
_0687_,25.87µm
ro_count_0\[3\],25.86µm
net350,25.845µm
_0593_,25.81µm
_0774_,25.69µm
net100,25.62µm
clock_status_reg[1],25.505µm
net339,25.44µm
_0806_,25.365µm
net248,25.15µm
clock_status_reg[3],25.1µm
_0938_,25.08µm
net84,24.96µm
_0634_,24.84µm
net499,24.79µm
net66,24.765µm
net302,24.62µm
_0561_,24.6µm
delay_chain_inst.cycle_count\[12\],24.555µm
net304,24.54µm
net612,24.33µm
_0787_,24.31µm
_0805_,24.215µm
delay_chain_inst.cycle_count\[8\],24.02µm
ro_counter_inst.measurement_window\[0\],23.725µm
net395,23.72µm
ro_count_2\[1\],23.64µm
net472,23.6µm
clock_status_reg[5],23.42µm
net292,23.295µm
net268,23.065µm
_0841_,22.92µm
net367,22.855µm
ro_count_reg_2[4],22.8µm
net230,22.74µm
net212,22.69µm
_0826_,22.635µm
_0833_,22.585µm
net250,22.58µm
_0632_,22.505µm
clk_fast,22.28µm
ro_count_reg_0[3],22.28µm
net260,21.95µm
delay_chain_inst.chain_2\[17\],21.84µm
net300,21.8µm
_0946_,21.725µm
net470,21.64µm
ro_count_reg_1[2],21.38µm
net599,21.38µm
_0684_,21.37µm
clk_slow,21.32µm
net12,21.255µm
net256,21.15µm
_0891_,21.13µm
net79,20.95µm
net443,20.9µm
net40,20.84µm
ro_count_reg_0[5],20.7µm
state\[2\],20.555µm
_0539_,20.52µm
_0717_,20.35µm
ro_count_2\[3\],20.34µm
_0558_,20.325µm
net70,20.28µm
net550,20.245µm
_0871_,20.18µm
net23,20.18µm
_0639_,20.17µm
net240,20.17µm
net383,20.17µm
net620,20.06µm
_0800_,20.05µm
net16,20.04µm
net77,20.04µm
_0786_,19.92µm
ro_count_reg_1[7],19.92µm
delay_count_reg_1[7],19.82µm
delay_count_reg_1[8],19.82µm
status_reg[0],19.82µm
net244,19.44µm
ro_count_reg_2[6],19.39µm
delay_count_reg_1[1],19.38µm
net258,19.33µm
_0895_,19.21µm
_0892_,19.03µm
net328,18.93µm
_0844_,18.865µm
clock_status_reg[0],18.86µm
clock_status_reg[2],18.86µm
clock_status_reg[4],18.86µm
delay_count_reg_0[4],18.86µm
delay_count_reg_0[6],18.86µm
delay_count_reg_0[8],18.86µm
delay_count_reg_1[4],18.86µm
delay_count_reg_1[6],18.86µm
status_reg[5],18.86µm
status_reg[6],18.86µm
status_reg[7],18.86µm
net335,18.695µm
_0813_,18.675µm
_0643_,18.56µm
clk_bad_duty,18.44µm
net362,18.44µm
_0911_,18.37µm
net621,18.37µm
delay_chain_inst.cycle_count\[6\],18.36µm
net326,18.32µm
net479,18.165µm
status_reg[4],18.14µm
ro_count_2\[7\],18.105µm
net42,17.95µm
ro_counter_inst.start_prev,17.88µm
net211,17.815µm
net14,17.7µm
delay_chain_inst.chain_2\[29\],17.64µm
ro_count_reg_0[2],17.58µm
net463,17.575µm
delay_count_reg_2[12],17.55µm
net504,17.53µm
net440,17.52µm
net228,17.42µm
ro_clk_0,17.4µm
_0738_,17.34µm
net603,17.325µm
_0807_,17.315µm
net17,17.3µm
_0753_,17.28µm
_0757_,17.16µm
ro_count_reg_1[0],17.1µm
ro_count_reg_1[1],17.1µm
net218,16.95µm
_0812_,16.94µm
delay_count_reg_2[15],16.94µm
_0822_,16.87µm
delay_chain_inst.chain_0\[3\],16.81µm
net3,16.585µm
net264,16.58µm
_0631_,16.575µm
net381,16.57µm
net56,16.5µm
_0685_,16.405µm
net74,16.405µm
_0912_,16.35µm
net480,16.335µm
net431,16.33µm
delay_count_reg_2[2],16.16µm
delay_count_reg_0[2],16.14µm
delay_count_reg_0[3],16.14µm
delay_count_reg_1[2],16.14µm
ro_count_reg_0[0],16.14µm
ro_count_reg_0[1],16.14µm
ro_count_reg_0[4],16.14µm
ro_count_reg_0[6],16.14µm
ro_count_reg_0[7],16.14µm
ro_count_reg_1[3],16.14µm
ro_count_reg_1[4],16.14µm
ro_count_reg_1[5],16.14µm
ro_count_reg_1[6],16.14µm
ro_count_reg_2[5],16.14µm
_0618_,16.09µm
ro_counter_inst.measurement_window\[8\],15.955µm
delay_count_reg_1[13],15.92µm
delay_count_reg_2[1],15.92µm
_0866_,15.895µm
net321,15.87µm
_0229_,15.85µm
_0836_,15.81µm
net2,15.795µm
_0641_,15.78µm
_0867_,15.72µm
net1,15.63µm
net226,15.62µm
_0810_,15.54µm
_0763_,15.525µm
delay_count_reg_1[3],15.5µm
net434,15.39µm
net290,15.355µm
net236,15.26µm
net220,15.14µm
net426,15.13µm
_0298_,15.12µm
delay_count_reg_2[9],15.08µm
net361,15.07µm
delay_chain_inst.chain_0\[0\],15.06µm
net234,15.025µm
net597,15.02µm
net286,14.915µm
_0179_,14.83µm
net75,14.83µm
net26,14.815µm
net399,14.77µm
_0804_,14.71µm
net294,14.7µm
_0845_,14.695µm
_0832_,14.66µm
net564,14.66µm
_0865_,14.65µm
_0500_,14.64µm
_0538_,14.58µm
ro_counter_inst.measurement_window\[3\],14.54µm
net604,14.54µm
_0620_,14.53µm
net427,14.445µm
state\[6\],14.41µm
net222,14.35µm
_0727_,14.34µm
_0647_,14.335µm
net439,14.29µm
net532,14.29µm
delay_count_reg_2[11],14.24µm
_0714_,14.22µm
_0503_,14.18µm
delay_count_reg_2[14],14.18µm
net72,14.07µm
net454,14.04µm
delay_chain_inst.chain_1\[9\],13.99µm
net252,13.96µm
_0610_,13.92µm
_0706_,13.87µm
net409,13.87µm
net494,13.82µm
_0564_,13.76µm
net251,13.7µm
_0872_,13.68µm
net232,13.65µm
delay_chain_inst.chain_2\[19\],13.58µm
_0512_,13.51µm
_0523_,13.45µm
net370,13.445µm
_0815_,13.435µm
delay_count_reg_2[0],13.4µm
net37,13.395µm
net254,13.38µm
_0606_,13.33µm
_0656_,13.27µm
_0361_,13.26µm
delay_count_reg_0[13],13.22µm
net224,13.11µm
net242,13.11µm
delay_count_reg_1[0],13.1µm
_0287_,13.09µm
_0614_,13.09µm
_0625_,13.09µm
net436,13.08µm
_0524_,12.9µm
_0612_,12.84µm
net601,12.82µm
delay_count_reg_1[10],12.8µm
delay_count_reg_1[14],12.8µm
net622,12.74µm
_0811_,12.73µm
delay_chain_inst.cycle_count\[10\],12.73µm
_0853_,12.615µm
_0535_,12.61µm
_0792_,12.55µm
_0505_,12.49µm
_0098_,12.43µm
_0417_,12.43µm
net359,12.43µm
_0713_,12.42µm
_0735_,12.3µm
net214,12.26µm
net4,12.235µm
_0793_,12.19µm
delay_count_reg_0[9],12.14µm
delay_count_reg_1[12],12.14µm
net515,12.14µm
_0623_,12.12µm
net298,12.06µm
net467,12.045µm
net573,12.01µm
_0070_,11.95µm
_0635_,11.95µm
_0823_,11.95µm
delay_chain_inst.chain_2\[23\],11.95µm
net330,11.94µm
net348,11.94µm
_0890_,11.93µm
_0087_,11.89µm
net297,11.89µm
_0502_,11.88µm
_0569_,11.88µm
_0616_,11.88µm
_0089_,11.875µm
_0090_,11.875µm
net392,11.84µm
_0086_,11.78µm
_0490_,11.76µm
net22,11.725µm
net67,11.725µm
delay_count_reg_1[5],11.72µm
delay_count_reg_1[9],11.72µm
_0695_,11.7µm
net390,11.68µm
net25,11.655µm
net27,11.655µm
delay_chain_inst.chain_0_done,11.59µm
net559,11.53µm
_0928_,11.52µm
_0448_,11.47µm
_0698_,11.47µm
_0762_,11.46µm
net529,11.46µm
_0846_,11.4µm
_0691_,11.35µm
net449,11.35µm
net55,11.34µm
delay_count_reg_2[6],11.3µm
delay_count_reg_2[8],11.3µm
delay_chain_inst.chain_1\[13\],11.29µm
state\[1\],11.275µm
_0728_,11.22µm
status_reg[3],11.22µm
_0578_,11.17µm
_0611_,11.17µm
_0829_,11.17µm
net210,11.17µm
delay_chain_inst.cycle_count\[7\],11.06µm
_0369_,11.05µm
net422,11.05µm
_0939_,11.04µm
_0507_,10.99µm
_0703_,10.99µm
_0745_,10.99µm
_0761_,10.98µm
_0204_,10.93µm
_0208_,10.93µm
_0598_,10.93µm
_0940_,10.93µm
delay_count_reg_0[1],10.89µm
net270,10.87µm
_0828_,10.855µm
_0834_,10.8µm
net500,10.71µm
_0808_,10.7µm
delay_count_reg_2[7],10.7µm
ro_count_1\[3\],10.635µm
_0452_,10.57µm
net593,10.57µm
_0451_,10.56µm
_0553_,10.56µm
_0699_,10.53µm
_0723_,10.51µm
_0725_,10.51µm
_0739_,10.51µm
net420,10.51µm
_0195_,10.45µm
_0436_,10.45µm
net216,10.41µm
net15,10.39µm
net36,10.39µm
net453,10.38µm
delay_chain_inst.cycle_count\[11\],10.355µm
_0650_,10.33µm
_0473_,10.32µm
_0577_,10.32µm
_0375_,10.275µm
_0015_,10.15µm
net364,10.15µm
net389,10.15µm
net429,10.15µm
net549,10.15µm
net595,10.15µm
_0356_,10.14µm
_0427_,10.14µm
_0457_,10.09µm
_0465_,10.09µm
_0514_,10.09µm
net405,10.09µm
net538,10.09µm
_0600_,10.08µm
delay_count_reg_0[14],10.04µm
_0463_,10.03µm
_0923_,10.03µm
net380,10.03µm
delay_chain_inst.cycle_count\[5\],9.97µm
status_reg[2],9.96µm
net587,9.96µm
net13,9.9µm
_0581_,9.885µm
delay_count_reg_0[15],9.86µm
delay_count_reg_2[13],9.86µm
_0519_,9.85µm
_0624_,9.84µm
_0627_,9.81µm
_0816_,9.785µm
_0915_,9.74µm
net38,9.67µm
net343,9.67µm
net387,9.67µm
net403,9.67µm
net404,9.67µm
net406,9.67µm
net408,9.67µm
net411,9.67µm
net413,9.67µm
net414,9.67µm
net415,9.67µm
net451,9.67µm
net459,9.67µm
net468,9.67µm
net475,9.67µm
net492,9.67µm
net495,9.67µm
net498,9.67µm
net506,9.67µm
net509,9.67µm
net519,9.67µm
net520,9.67µm
net526,9.67µm
net582,9.67µm
net465,9.635µm
net511,9.61µm
net552,9.61µm
net557,9.61µm
_0663_,9.6µm
net489,9.6µm
net508,9.6µm
_0701_,9.55µm
_0734_,9.55µm
ro_clk_2,9.54µm
delay_chain_inst.chain_1_done,9.5µm
_0474_,9.49µm
_0489_,9.49µm
_0622_,9.49µm
_0771_,9.49µm
_0438_,9.48µm
_0644_,9.48µm
net262,9.48µm
delay_count_reg_2[10],9.44µm
_0595_,9.425µm
_0894_,9.42µm
net278,9.42µm
_0399_,9.38µm
_0480_,9.38µm
net352,9.38µm
_0574_,9.37µm
_0626_,9.37µm
net393,9.37µm
net288,9.365µm
_0412_,9.36µm
_0496_,9.36µm
delay_chain_inst.chain_2\[20\],9.31µm
ro_clk_1,9.3µm
_0462_,9.24µm
_0741_,9.18µm
_0492_,9.13µm
_0885_,9.13µm
delay_chain_inst.delay_count_0\[8\],9.13µm
net607,9.13µm
_0360_,9.12µm
delay_chain_inst.start_prev,9.12µm
net71,9.12µm
net371,9.12µm
_0009_,9.07µm
_0212_,9.07µm
_0233_,9.07µm
_0715_,9.07µm
_0781_,9.07µm
net375,9.07µm
_0708_,9.06µm
delay_count_reg_0[10],9.02µm
_0596_,9.01µm
_0777_,9.01µm
delay_count_reg_0[12],8.97µm
delay_count_reg_0[5],8.97µm
_0358_,8.9µm
_0818_,8.895µm
_0008_,8.89µm
_0290_,8.89µm
_0293_,8.89µm
delay_count_reg_1[11],8.78µm
delay_count_reg_1[15],8.78µm
net402,8.76µm
_0003_,8.7µm
_0196_,8.7µm
_0443_,8.65µm
_0207_,8.64µm
_0517_,8.64µm
_0827_,8.64µm
_0000_,8.595µm
_0140_,8.59µm
_0731_,8.59µm
_0654_,8.58µm
delay_count_reg_0[0],8.55µm
_0566_,8.53µm
delay_chain_inst.cycle_count\[9\],8.53µm
_0295_,8.52µm
_0299_,8.52µm
_0355_,8.52µm
_0444_,8.52µm
delay_count_reg_0[11],8.49µm
delay_count_reg_2[3],8.49µm
net295,8.47µm
net477,8.46µm
ro_count_2\[0\],8.425µm
net433,8.42µm
_0428_,8.41µm
_0497_,8.41µm
_0549_,8.41µm
_0557_,8.41µm
_0603_,8.4µm
net490,8.4µm
delay_count_reg_2[5],8.36µm
_0326_,8.295µm
net610,8.25µm
net338,8.23µm
net329,8.22µm
net340,8.22µm
_0162_,8.17µm
_0167_,8.17µm
_0363_,8.17µm
_0526_,8.16µm
_0633_,8.16µm
_0671_,8.16µm
ro_count_1\[0\],8.16µm
net373,8.16µm
_0019_,8.11µm
_0470_,8.11µm
_0483_,8.11µm
_0719_,8.11µm
_0879_,8.11µm
_0638_,8.1µm
_0726_,8.1µm
_0929_,8.1µm
_0930_,8.1µm
_0376_,8.05µm
_0525_,8.04µm
_0571_,8.04µm
corner_class_reg[2],8.04µm
done,8.04µm
_0883_,8.035µm
net590,8.035µm
_0018_,7.98µm
_0493_,7.94µm
net354,7.94µm
net425,7.94µm
net428,7.94µm
net430,7.94µm
net457,7.94µm
net578,7.94µm
_0434_,7.93µm
_0601_,7.93µm
_0933_,7.93µm
_0278_,7.92µm
_0441_,7.92µm
_0455_,7.92µm
_0588_,7.92µm
_0758_,7.92µm
_0710_,7.86µm
net325,7.77µm
_0447_,7.75µm
net368,7.75µm
net460,7.75µm
_0126_,7.74µm
_0134_,7.74µm
_0285_,7.74µm
_0310_,7.74µm
_0721_,7.74µm
_0722_,7.74µm
_0925_,7.74µm
delay_chain_inst.chain_2\[25\],7.74µm
net353,7.74µm
net501,7.74µm
_0677_,7.7µm
_0458_,7.69µm
_0909_,7.69µm
_0420_,7.68µm
delay_chain_inst.chain_1\[11\],7.68µm
net471,7.68µm
_0282_,7.63µm
_0283_,7.63µm
_0291_,7.63µm
_0405_,7.63µm
_0442_,7.63µm
_0294_,7.62µm
busy,7.62µm
ro_count_reg_2[0],7.62µm
net611,7.62µm
_0587_,7.57µm
_0286_,7.56µm
_0461_,7.56µm
_0481_,7.56µm
_0716_,7.555µm
_0803_,7.555µm
net455,7.555µm
net558,7.555µm
net41,7.52µm
net52,7.52µm
delay_count_reg_0[7],7.52µm
_0079_,7.51µm
net308,7.51µm
_0460_,7.47µm
_0520_,7.46µm
_0528_,7.46µm
_0744_,7.46µm
net412,7.46µm
net416,7.46µm
net417,7.46µm
net424,7.46µm
net442,7.46µm
net444,7.46µm
net469,7.46µm
net568,7.46µm
_0005_,7.45µm
_0281_,7.45µm
_0468_,7.45µm
_0572_,7.45µm
_0604_,7.45µm
_0799_,7.45µm
_0903_,7.45µm
net355,7.405µm
net556,7.38µm
net588,7.365µm
net485,7.35µm
_0746_,7.31µm
net24,7.275µm
_0027_,7.26µm
_0193_,7.26µm
_0280_,7.26µm
_0690_,7.26µm
_0850_,7.26µm
_0855_,7.26µm
_0862_,7.26µm
_0370_,7.21µm
_0374_,7.21µm
_0380_,7.21µm
_0381_,7.21µm
_0384_,7.21µm
_0388_,7.21µm
_0390_,7.21µm
_0398_,7.21µm
_0406_,7.21µm
_0407_,7.21µm
_0410_,7.21µm
_0146_,7.2µm
_0180_,7.2µm
_0373_,7.2µm
corner_class_reg[1],7.2µm
net,7.2µm
net32,7.195µm
_0409_,7.185µm
_0362_,7.15µm
_0364_,7.15µm
_0456_,7.15µm
_0488_,7.15µm
net21,7.15µm
_0486_,7.135µm
net39,7.105µm
rst,7.1µm
delay_count_reg_2[4],7.1µm
_0835_,7.095µm
_0242_,7.09µm
_0367_,7.09µm
delay_chain_inst.delay_count_2\[0\],7.09µm
net275,7.09µm
_0366_,7.08µm
_0567_,7.08µm
_0605_,7.08µm
_0697_,7.075µm
_0718_,7.075µm
_0733_,7.075µm
_0737_,7.075µm
net583,7.075µm
_0341_,7.03µm
_0215_,7.02µm
net336,7.02µm
_0284_,7µm
_0689_,6.98µm
net376,6.98µm
net474,6.98µm
net516,6.98µm
_0371_,6.97µm
_0527_,6.97µm
_0852_,6.97µm
_0877_,6.97µm
_0522_,6.96µm
_0401_,6.885µm
_0469_,6.865µm
_0403_,6.84µm
ro_counter_inst.start,6.84µm
net265,6.84µm
net456,6.84µm
_0453_,6.79µm
_0471_,6.79µm
_0491_,6.79µm
_0163_,6.78µm
_0421_,6.78µm
_0776_,6.78µm
ro_count_reg_2[3],6.78µm
_0393_,6.765µm
net209,6.73µm
corner_class_reg[0],6.73µm
ro_count_reg_2[2],6.73µm
ro_count_reg_2[7],6.73µm
status_reg[1],6.73µm
_0011_,6.72µm
_0122_,6.72µm
_0161_,6.72µm
_0210_,6.72µm
_0559_,6.72µm
_0607_,6.72µm
net616,6.72µm
_0177_,6.67µm
_0184_,6.67µm
_0244_,6.67µm
_0445_,6.67µm
_0487_,6.67µm
_0724_,6.67µm
_0884_,6.67µm
_0012_,6.66µm
net600,6.62µm
_0586_,6.61µm
_0621_,6.61µm
_0937_,6.58µm
_0183_,6.5µm
_0377_,6.5µm
net407,6.5µm
_0602_,6.49µm
_0613_,6.49µm
_0796_,6.49µm
_0797_,6.49µm
_0798_,6.49µm
_0874_,6.49µm
_0113_,6.48µm
_0423_,6.48µm
_0760_,6.48µm
_0670_,6.435µm
_0133_,6.405µm
_0093_,6.36µm
net437,6.36µm
start,6.31µm
ro_count_reg_2[1],6.31µm
net229,6.31µm
net382,6.31µm
net618,6.31µm
_0084_,6.3µm
_0437_,6.3µm
_0645_,6.3µm
_0617_,6.285µm
_0150_,6.25µm
_0203_,6.25µm
net384,6.25µm
_0118_,6.24µm
_0119_,6.24µm
_0142_,6.24µm
_0149_,6.24µm
_0151_,6.24µm
_0156_,6.24µm
_0256_,6.24µm
_0825_,6.24µm
_0042_,6.19µm
_0137_,6.19µm
_0279_,6.19µm
_0308_,6.19µm
_0459_,6.19µm
delay_chain_inst.chain_1\[14\],6.19µm
delay_chain_inst.cycle_count\[4\],6.19µm
net314,6.19µm
net615,6.19µm
net309,6.18µm
_0941_,6.175µm
net282,6.16µm
net217,6.13µm
_0292_,6.12µm
_0579_,6.12µm
_0584_,6.12µm
_0628_,6.12µm
_0117_,6.06µm
_0935_,6.06µm
_0152_,6.02µm
_0432_,6.02µm
net301,6.02µm
net374,6.02µm
net386,6.02µm
net418,6.02µm
net438,6.02µm
net450,6.02µm
net562,6.02µm
net584,6.02µm
_0945_,6.01µm
_0354_,6µm
_0498_,6µm
_0191_,5.88µm
_0254_,5.88µm
_0778_,5.865µm
_0368_,5.83µm
_0013_,5.82µm
_0185_,5.82µm
_0679_,5.82µm
_0704_,5.82µm
net289,5.82µm
net345,5.82µm
_0144_,5.77µm
_0145_,5.77µm
_0147_,5.77µm
_0273_,5.77µm
_0942_,5.77µm
delay_chain_inst.delay_count_2\[1\],5.77µm
net551,5.77µm
_0589_,5.76µm
_0653_,5.76µm
_0211_,5.71µm
_0475_,5.71µm
net541,5.71µm
_0532_,5.7µm
_0680_,5.7µm
net73,5.7µm
net394,5.7µm
_0419_,5.65µm
net502,5.65µm
_0288_,5.64µm
_0058_,5.59µm
_0246_,5.54µm
_0920_,5.54µm
net324,5.54µm
_0433_,5.53µm
_0506_,5.53µm
_0534_,5.53µm
_0570_,5.53µm
_0768_,5.53µm
_0907_,5.53µm
delay_chain_inst.delay_count_2\[4\],5.53µm
delay_chain_inst.delay_count_1\[3\],5.48µm
net507,5.47µm
_0464_,5.46µm
net360,5.445µm
_0028_,5.4µm
_0105_,5.4µm
_0265_,5.4µm
_0268_,5.4µm
_0429_,5.4µm
_0540_,5.4µm
_0932_,5.4µm
delay_chain_inst.delay_count_1\[8\],5.4µm
net231,5.35µm
net347,5.35µm
net379,5.35µm
net458,5.35µm
net481,5.35µm
_0702_,5.34µm
_0743_,5.34µm
_0898_,5.34µm
_0902_,5.34µm
delay_chain_inst.chain_0\[4\],5.34µm
delay_chain_inst.cycle_count\[15\],5.34µm
delay_chain_inst.delay_count_2\[14\],5.34µm
net555,5.34µm
_0881_,5.29µm
_0187_,5.28µm
_0389_,5.28µm
_0615_,5.28µm
_0860_,5.28µm
_0546_,5.23µm
net291,5.23µm
net410,5.23µm
_0533_,5.22µm
net249,5.22µm
_0411_,5.16µm
_0426_,5.16µm
_0508_,5.16µm
_0513_,5.16µm
_0568_,5.16µm
_0769_,5.16µm
delay_chain_inst.chain_1\[8\],5.155µm
delay_chain_inst.delay_count_0\[3\],5.155µm
delay_chain_inst.delay_count_1\[2\],5.155µm
ro_counter_inst.warning,5.155µm
net530,5.155µm
_0289_,5.06µm
_0378_,5.06µm
_0382_,5.06µm
_0386_,5.06µm
_0394_,5.06µm
_0395_,5.06µm
_0396_,5.06µm
_0397_,5.06µm
_0400_,5.06µm
_0402_,5.06µm
_0518_,5.06µm
_0784_,5.06µm
net310,5.06µm
net452,5.06µm
net482,5.06µm
_0583_,5.05µm
_0882_,5.05µm
net391,5.05µm
_0843_,5.045µm
_0255_,5.04µm
_0081_,4.98µm
_0466_,4.98µm
net219,4.98µm
net351,4.98µm
_0756_,4.965µm
net342,4.92µm
net563,4.92µm
net619,4.92µm
net267,4.87µm
_0104_,4.86µm
_0132_,4.86µm
_0174_,4.86µm
_0218_,4.86µm
_0325_,4.86µm
_0550_,4.86µm
_0751_,4.86µm
_0859_,4.86µm
delay_chain_inst.delay_count_1\[13\],4.86µm
delay_chain_inst.delay_count_1\[6\],4.86µm
delay_chain_inst.delay_count_2\[7\],4.86µm
net263,4.86µm
net285,4.86µm
net523,4.86µm
net569,4.86µm
net586,4.86µm
net596,4.86µm
_0435_,4.81µm
net277,4.81µm
_0580_,4.8µm
delay_chain_inst.chain_2\[31\],4.785µm
_0125_,4.75µm
_0199_,4.75µm
_0302_,4.74µm
_0307_,4.74µm
_0315_,4.74µm
_0320_,4.74µm
_0562_,4.74µm
delay_chain_inst.chain_2\[18\],4.74µm
delay_chain_inst.chain_2_done,4.74µm
_0297_,4.68µm
_0765_,4.68µm
_0918_,4.68µm
net462,4.675µm
_0924_,4.62µm
_0511_,4.58µm
net246,4.58µm
net497,4.58µm
net543,4.58µm
_0240_,4.57µm
_0542_,4.57µm
_0658_,4.57µm
_0944_,4.57µm
delay_chain_inst.delay_count_2\[5\],4.565µm
_0205_,4.56µm
_0209_,4.56µm
_0476_,4.56µm
_0213_,4.51µm
_0263_,4.51µm
_0516_,4.5µm
_0530_,4.5µm
net269,4.5µm
net566,4.5µm
_0576_,4.44µm
_0824_,4.44µm
_0847_,4.44µm
_0886_,4.44µm
delay_chain_inst.chain_0\[6\],4.44µm
delay_chain_inst.chain_2\[24\],4.44µm
net349,4.44µm
net547,4.44µm
net560,4.44µm
delay_chain_inst.chain_1\[12\],4.425µm
net441,4.39µm
_0056_,4.38µm
_0060_,4.38µm
_0062_,4.38µm
_0157_,4.38µm
_0219_,4.38µm
_0251_,4.38µm
_0311_,4.38µm
_0329_,4.38µm
_0351_,4.38µm
_0446_,4.38µm
_0478_,4.38µm
_0554_,4.38µm
_0664_,4.38µm
_0917_,4.38µm
delay_chain_inst.delay_count_0\[1\],4.38µm
delay_chain_inst.delay_count_1\[1\],4.38µm
ro_counter_inst.measurement_window\[9\],4.38µm
ro_counter_inst.prev_rclk_0,4.38µm
net396,4.38µm
net435,4.38µm
net592,4.38µm
_0651_,4.33µm
_0780_,4.33µm
_0392_,4.32µm
_0415_,4.32µm
_0416_,4.32µm
_0585_,4.32µm
_0319_,4.3µm
_0243_,4.295µm
_0788_,4.28µm
delay_chain_inst.delay_count_0\[0\],4.27µm
_0301_,4.26µm
_0305_,4.26µm
_0333_,4.26µm
_0344_,4.26µm
_0880_,4.26µm
_0078_,4.2µm
_0085_,4.2µm
_0274_,4.2µm
_0521_,4.2µm
_0926_,4.2µm
_0108_,4.195µm
_0136_,4.195µm
_0165_,4.195µm
_0181_,4.195µm
_0231_,4.195µm
_0264_,4.195µm
net400,4.15µm
_0170_,4.14µm
_0033_,4.1µm
_0076_,4.1µm
_0166_,4.1µm
_0189_,4.1µm
_0276_,4.1µm
_0817_,4.1µm
net377,4.1µm
net531,4.1µm
net533,4.1µm
_0575_,4.09µm
_0752_,4.09µm
_0913_,4.09µm
_0477_,4.065µm
_0385_,4.025µm
_0365_,4.02µm
_0454_,4.02µm
net594,4.02µm
_0217_,3.96µm
_0224_,3.96µm
_0646_,3.96µm
_0790_,3.96µm
_0919_,3.96µm
delay_chain_inst.chain_0\[1\],3.96µm
delay_chain_inst.delay_count_0\[10\],3.96µm
delay_chain_inst.delay_count_1\[0\],3.96µm
delay_chain_inst.delay_count_1\[12\],3.96µm
net318,3.96µm
net363,3.96µm
_0700_,3.94µm
_0024_,3.9µm
_0123_,3.9µm
_0124_,3.9µm
_0141_,3.9µm
_0154_,3.9µm
_0194_,3.9µm
_0247_,3.9µm
_0306_,3.9µm
_0531_,3.9µm
_0683_,3.9µm
_0742_,3.9µm
_0887_,3.9µm
_0900_,3.9µm
delay_chain_inst.delay_count_1\[4\],3.9µm
delay_chain_inst.delay_count_1\[5\],3.9µm
delay_chain_inst.delay_count_2\[3\],3.9µm
net253,3.9µm
net261,3.9µm
net293,3.9µm
net398,3.9µm
net473,3.9µm
_0379_,3.85µm
_0668_,3.84µm
net255,3.84µm
_0323_,3.78µm
_0346_,3.78µm
_0031_,3.76µm
_0029_,3.72µm
_0035_,3.72µm
_0039_,3.72µm
_0054_,3.72µm
_0080_,3.72µm
_0083_,3.72µm
_0096_,3.72µm
_0102_,3.72µm
_0115_,3.72µm
_0159_,3.72µm
_0190_,3.72µm
_0200_,3.72µm
_0230_,3.72µm
_0232_,3.72µm
_0236_,3.72µm
_0257_,3.72µm
_0038_,3.715µm
_0049_,3.715µm
_0121_,3.715µm
_0130_,3.715µm
_0143_,3.715µm
_0153_,3.715µm
_0160_,3.715µm
_0192_,3.715µm
_0226_,3.715µm
_0269_,3.715µm
_0271_,3.715µm
_0910_,3.715µm
_0250_,3.66µm
_0916_,3.66µm
_0010_,3.62µm
_0014_,3.62µm
_0016_,3.62µm
_0030_,3.62µm
_0037_,3.62µm
_0048_,3.62µm
_0082_,3.62µm
_0091_,3.62µm
_0094_,3.62µm
_0097_,3.62µm
_0100_,3.62µm
_0103_,3.62µm
_0109_,3.62µm
_0112_,3.62µm
_0131_,3.62µm
_0135_,3.62µm
_0139_,3.62µm
_0172_,3.62µm
_0182_,3.62µm
_0198_,3.62µm
_0201_,3.62µm
_0220_,3.62µm
_0223_,3.62µm
_0239_,3.62µm
_0248_,3.62µm
_0253_,3.62µm
_0259_,3.62µm
_0261_,3.62µm
_0266_,3.62µm
_0270_,3.62µm
_0272_,3.62µm
_0275_,3.62µm
_0893_,3.62µm
net296,3.62µm
net388,3.62µm
_0383_,3.61µm
_0755_,3.61µm
net580,3.61µm
_0609_,3.6µm
_0619_,3.6µm
_0869_,3.585µm
net332,3.585µm
_0353_,3.54µm
_0467_,3.54µm
_0472_,3.54µm
_0754_,3.54µm
net241,3.54µm
net259,3.54µm
net545,3.54µm
_0051_,3.48µm
_0069_,3.48µm
_0110_,3.48µm
_0173_,3.48µm
_0197_,3.48µm
_0202_,3.48µm
_0221_,3.48µm
_0225_,3.48µm
_0234_,3.48µm
_0237_,3.48µm
_0252_,3.48µm
_0418_,3.48µm
delay_chain_inst.chain_2\[30\],3.48µm
delay_chain_inst.cycle_count\[13\],3.48µm
delay_chain_inst.delay_count_0\[7\],3.48µm
delay_chain_inst.delay_count_2\[12\],3.48µm
delay_chain_inst.delay_count_2\[13\],3.48µm
delay_chain_inst.delay_count_2\[15\],3.48µm
delay_chain_inst.start,3.48µm
net323,3.48µm
net565,3.48µm
_0449_,3.43µm
net544,3.43µm
_0004_,3.42µm
_0032_,3.42µm
_0040_,3.42µm
_0050_,3.42µm
_0057_,3.42µm
_0061_,3.42µm
_0065_,3.42µm
_0072_,3.42µm
_0074_,3.42µm
_0077_,3.42µm
_0099_,3.42µm
_0114_,3.42µm
_0128_,3.42µm
_0158_,3.42µm
_0164_,3.42µm
_0178_,3.42µm
_0216_,3.42µm
_0241_,3.42µm
_0245_,3.42µm
_0300_,3.42µm
_0309_,3.42µm
_0345_,3.42µm
_0347_,3.42µm
_0450_,3.42µm
_0543_,3.42µm
_0657_,3.42µm
_0789_,3.42µm
_0861_,3.42µm
delay_chain_inst.chain_2\[16\],3.42µm
delay_chain_inst.chain_2\[28\],3.42µm
delay_chain_inst.delay_count_0\[2\],3.42µm
delay_chain_inst.delay_count_1\[15\],3.42µm
delay_chain_inst.delay_count_1\[7\],3.42µm
ro_counter_inst.prev_rclk_2,3.42µm
state\[3\],3.42µm
net221,3.42µm
net257,3.42µm
net271,3.42µm
net303,3.42µm
net316,3.42µm
net322,3.42µm
net505,3.42µm
net518,3.42µm
_0529_,3.36µm
_0582_,3.36µm
_0660_,3.36µm
_0666_,3.36µm
_0021_,3.3µm
_0023_,3.3µm
_0034_,3.3µm
_0052_,3.3µm
_0053_,3.3µm
_0055_,3.3µm
_0088_,3.3µm
_0111_,3.3µm
_0176_,3.3µm
_0188_,3.3µm
_0206_,3.3µm
_0238_,3.3µm
_0262_,3.3µm
_0277_,3.3µm
_0479_,3.3µm
_0830_,3.295µm
_0720_,3.24µm
_0740_,3.235µm
_0772_,3.235µm
_0802_,3.235µm
_0313_,3.21µm
_0693_,3.18µm
_0357_,3.14µm
_0856_,3.14µm
_0921_,3.14µm
net356,3.14µm
net617,3.14µm
_0425_,3.13µm
_0573_,3.13µm
_0599_,3.13µm
_0608_,3.13µm
_0764_,3.13µm
_0905_,3.13µm
_0544_,3.07µm
_0485_,3.06µm
_0515_,3.06µm
net215,3.06µm
net247,3.06µm
net283,3.06µm
net447,3.06µm
net535,3.06µm
net591,3.06µm
_0020_,3µm
_0026_,3µm
_0044_,3µm
_0045_,3µm
_0047_,3µm
_0059_,3µm
_0064_,3µm
_0068_,3µm
_0075_,3µm
_0095_,3µm
_0101_,3µm
_0106_,3µm
_0107_,3µm
_0116_,3µm
_0127_,3µm
_0155_,3µm
_0168_,3µm
_0169_,3µm
_0186_,3µm
_0214_,3µm
_0222_,3µm
_0235_,3µm
_0249_,3µm
_0422_,3µm
_0501_,3µm
_0536_,3µm
_0551_,3µm
_0773_,3µm
_0854_,3µm
_0922_,3µm
delay_chain_inst.chain_0\[5\],3µm
delay_chain_inst.cycle_count\[14\],3µm
delay_chain_inst.delay_count_0\[12\],3µm
delay_chain_inst.delay_count_0\[4\],3µm
delay_chain_inst.delay_count_0\[6\],3µm
delay_chain_inst.delay_count_1\[10\],3µm
delay_chain_inst.delay_count_1\[14\],3µm
delay_chain_inst.delay_count_2\[11\],3µm
delay_chain_inst.delay_count_2\[6\],3µm
net574,3µm
_0138_,2.96µm
_0022_,2.94µm
_0025_,2.94µm
_0041_,2.94µm
_0046_,2.94µm
_0066_,2.94µm
_0073_,2.94µm
_0120_,2.94µm
_0129_,2.94µm
_0171_,2.94µm
_0175_,2.94µm
_0258_,2.94µm
_0322_,2.94µm
_0349_,2.94µm
_0482_,2.94µm
_0686_,2.94µm
_0736_,2.94µm
_0870_,2.94µm
delay_chain_inst.chain_2\[22\],2.94µm
delay_chain_inst.delay_count_0\[15\],2.94µm
delay_chain_inst.delay_count_0\[5\],2.94µm
delay_chain_inst.delay_count_1\[11\],2.94µm
delay_chain_inst.delay_count_1\[9\],2.94µm
delay_chain_inst.delay_count_2\[10\],2.94µm
delay_chain_inst.delay_count_2\[9\],2.94µm
ro_counter_inst.measurement_window\[2\],2.94µm
net273,2.94µm
net419,2.94µm
net421,2.94µm
net423,2.94µm
net445,2.94µm
net510,2.94µm
net548,2.94µm
net576,2.94µm
net608,2.94µm
_0504_,2.76µm
_0556_,2.76µm
_0857_,2.76µm
_0901_,2.76µm
_0876_,2.755µm
_0858_,2.7µm
_0878_,2.695µm
_0732_,2.66µm
_0927_,2.66µm
net503,2.66µm
_0372_,2.64µm
_0352_,2.58µm
_0439_,2.58µm
_0509_,2.58µm
_0794_,2.58µm
net225,2.58µm
net239,2.58µm
net372,2.58µm
net401,2.58µm
net486,2.58µm
_0017_,2.52µm
_0036_,2.52µm
_0043_,2.52µm
_0063_,2.52µm
_0067_,2.52µm
_0071_,2.52µm
_0148_,2.52µm
_0227_,2.52µm
_0228_,2.52µm
_0260_,2.52µm
_0267_,2.52µm
_0908_,2.52µm
delay_chain_inst.delay_count_0\[13\],2.52µm
delay_chain_inst.delay_count_0\[9\],2.52µm
delay_chain_inst.delay_count_2\[8\],2.52µm
ro_counter_inst.prev_rclk_1,2.52µm
net327,2.52µm
net540,2.52µm
net553,2.52µm
_0809_,2.4µm
net613,2.4µm
_0324_,2.37µm
net98,2.34µm
_0316_,2.28µm
_0328_,2.28µm
_0637_,2.28µm
_0672_,2.28µm
_0904_,2.28µm
_0906_,2.28µm
net483,2.18µm
_0408_,2.115µm
_0413_,2.1µm
_0484_,2.1µm
_0494_,2.1µm
_0795_,2.1µm
net223,2.1µm
net227,2.1µm
net233,2.1µm
net235,2.1µm
net237,2.1µm
net243,2.1µm
net245,2.1µm
net280,2.1µm
net287,2.1µm
net307,2.1µm
net312,2.1µm
net320,2.1µm
net334,2.1µm
net358,2.1µm
net366,2.1µm
net476,2.1µm
net488,2.1µm
net493,2.1µm
net514,2.1µm
net521,2.1µm
net525,2.1µm
net598,2.1µm
net522,1.92µm
net585,1.92µm
_0304_,1.89µm
_0440_,1.86µm
net369,1.86µm
_0006_,1.8µm
_0296_,1.8µm
_0303_,1.8µm
_0312_,1.8µm
_0314_,1.8µm
_0317_,1.8µm
_0318_,1.8µm
_0321_,1.8µm
_0327_,1.8µm
_0331_,1.8µm
_0332_,1.8µm
_0334_,1.8µm
_0335_,1.8µm
_0336_,1.8µm
_0337_,1.8µm
_0338_,1.8µm
_0340_,1.8µm
_0342_,1.8µm
_0343_,1.8µm
_0348_,1.8µm
_0359_,1.8µm
_0424_,1.8µm
_0430_,1.8µm
_0431_,1.8µm
_0783_,1.8µm
_0943_,1.8µm
_0896_,1.795µm
_0330_,1.59µm
_0339_,1.59µm
_0495_,1.44µm
net305,1.44µm
net609,1.44µm
_0350_,1.38µm
_0592_,1.38µm
delay_chain_inst.chain_1\[10\],1.38µm
delay_chain_inst.chain_2\[21\],1.38µm
delay_chain_inst.chain_2\[27\],1.38µm
delay_chain_inst.cycle_count\[3\],1.38µm
delay_chain_inst.delay_count_0\[11\],1.38µm
delay_chain_inst.delay_count_0\[14\],1.38µm
delay_chain_inst.delay_count_2\[2\],1.38µm
start_prev,1.38µm
_0387_,0.96µm
_0391_,0.96µm
_0404_,0.96µm
_0414_,0.96µm
_0499_,0.96µm
_0510_,0.96µm
_0648_,0.96µm
_0791_,0.96µm
net478,0.96µm
net491,0.96µm
net512,0.96µm
net537,0.96µm
net539,0.96µm
net572,0.96µm
net602,0.96µm
net605,0.96µm
